,artikelnr:,text:,jci1.0:,jci1.3:,versie:,tags,verbs
0,/Hoofdstuk1/Artikel1,"In dit besluit en de daarop berustende bepalingen wordt verstaan onder:  $ Onderdeel_1 :  $  algemene de-minimisverordening: verordening (EU) nr. 1407/2013 van de Commissie van 18december 2013 betreffende de toepassing van de artikelen 107 en 108 van het Verdrag betreffende de werking van de Europese Unie op de-minimissteun (PbEU 2013, L 352);  $ Onderdeel_2 :  $  verklaring: verklaring als bedoeld in ;artikel 2, eerste lid verklaring als bedoeld in ;  $ Onderdeel_3 :  $  wet: ;Participatiewet  $ Onderdeel_4 :  $  zelfstandige: de rechthebbende, bedoeld in  die achttien jaar of ouder is maar de pensioengerechtigde leeftijd nog niet heeft bereikt en die voor de voorziening in het bestaan is aangewezen op arbeid in eigen bedrijf of zelfstandig beroep hier te lande en die;artikel 11, van de wet  $ Onderdeela :  $  voldoet aan de wettelijke vereisten voor de uitoefening daarvan;  $ Onderdeelb :  $  ten minste 1.225 uur per jaar besteedt aan werkzaamheden voor het bedrijf of zelfstandig beroep; en  $ Onderdeelc :  $  alleen of samen met degene met wie hij het bedrijf of zelfstandig beroep uitoefent de volledige zeggenschap in dat bedrijf of zelfstandig beroep heeft en de financile risicos daarvan draagt.",1.0:c:BWBR0043402&artikel=1&g=2020-04-22,jci1.3:c:BWBR0043402&hoofdstuk=1&artikel=1&z=2020-04-22&g=2020-04-22,22-04-2020,"[['VP', ('In', 'VB')], ['NP', ('dit', 'PRP'), ('besluit', 'NN')], ['VP', ('daarop', 'RB'), ('berustende', 'VBG')], ['NP', ('bepalingen', 'NNS')], ['VP', ('wordt', 'MD'), ('verstaan', 'VB')], ['PP', ('onder', 'IN')], ['NP', ('$', 'CD'), ('Onderdeel_1', 'NNP')], ['NP', ('$', 'CD'), ('algemene', 'JJ'), ('de-minimisverordening', 'NN')], ['NP', ('verordening', 'NN')], ['NP', ('EU', 'NN')], ['ADJP', ('nr', 'JJR')], ['PP', ('van', 'IN')], ['NP', ('de', 'DT'), ('Commissie', 'NNP')], ['PP', ('van', 'IN')], ['NP', ('18december', 'NNP')], ['VP', ('betreffende', 'VBG')], ['NP', ('de', 'DT'), ('toepassing', 'NN')], ['PP', ('van', 'IN')], ['NP', ('de', 'DT'), ('artikelen', 'NNS')], ['PP', ('van', 'IN')], ['NP', ('het', 'DT'), ('Verdrag', 'NNP')], ['VP', ('betreffende', 'VBG')], ['NP', ('de', 'DT'), ('werking', 'NN')], ['PP', ('van', 'IN')], ['NP', ('de', 'DT'), ('Europese', 'JJ'), ('Unie', 'NNP')], ['PP', ('op', 'IN')], ['NP', ('de-minimissteun', 'NN')], ['NP', ('PbEU', 'NN')], ['NP', ('L', 'NN')], ['NP', ('$', 'CD'), ('Onderdeel_2', 'NNP')], ['NP', ('$', 'CD'), ('verklaring', 'NN')], ['NP', ('verklaring', 'NN')], ['VP', ('bedoeld', 'VBN')], ['PP', ('in', 'IN')], ['NP', ('artikel', 'NN')], ['NP', ('eerste', 'CD'), ('lid', 'NN'), ('verklaring', 'NN')], ['VP', ('bedoeld', 'VBN')], ['PP', ('in', 'IN')], ['NP', ('$', 'CD'), ('Onderdeel_3', 'NNP')], ['NP', ('$', 'CD'), ('wet', 'NN')], ['NP', ('Participatiewet', 'NNP'), ('$', 'CD'), ('Onderdeel_4', 'NNP')], ['ADJP', ('zelfstandige', 'JJ')], ['VP', ('rechthebbende', 'VBG')], ['VP', ('bedoeld', 'VBN')], ['PP', ('in', 'IN')], ['NP', ('die', 'PRP'), ('achttien', 'CD'), ('jaar', 'NN')], ['ADJP', ('ouder', 'JJR')], ['VP', ('is', 'MD')], ['NP', ('de', 'DT'), ('pensioengerechtigde', 'JJ'), ('leeftijd', 'NN')], ['VP', ('nog', 'RB'), ('niet', 'RB'), ('heeft', 'MD'), ('bereikt', 'VBN')], ['NP', ('die', 'PRP')], ['PP', ('voor', 'IN')], ['NP', ('de', 'DT'), ('voorziening', 'NN')], ['PP', ('in', 'IN')], ['VP', ('bestaan', 'VB'), ('is', 'MD'), ('aangewezen', 'VBN')], ['PP', ('op', 'IN')], ['NP', ('arbeid', 'NN')], ['PP', ('in', 'IN')], ['NP', ('eigen', 'PRP'), ('bedrijf', 'NN'), ('of', 'CC'), ('zelfstandig', 'JJ'), ('beroep', 'NN')], ['VP', ('hier', 'RB'), ('te', 'TO'), ('lande', 'VBG')], ['NP', ('die;artikel', 'NN')], ['PP', ('van', 'IN')], ['NP', ('de', 'DT'), ('wet', 'NN')], ['NP', ('$', 'CD'), ('Onderdeela', 'NNP')], ['NP', ('$', 'CD'), ('voldoet', 'NN')], ['PP', ('aan', 'IN')], ['ADJP', ('wettelijke', 'JJ')], ['VP', ('vereisten', 'VBD')], ['PP', ('voor', 'IN')], ['NP', ('de', 'DT'), ('uitoefening', 'NN')], ['ADVP', ('daarvan', 'RB')], ['NP', ('$', 'CD'), ('Onderdeelb', 'NNP')], ['PP', ('ten', 'IN')], ['NP', ('minste', 'NN'), ('1.225', 'CD'), ('uur', 'NN')], ['PP', ('per', 'IN')], ['NP', ('jaar', 'NN')], ['VP', ('besteedt', 'VBZ')], ['PP', ('aan', 'IN')], ['NP', ('werkzaamheden', 'NNS')], ['PP', ('voor', 'IN')], ['NP', ('het', 'DT'), ('bedrijf', 'NN')], ['NP', ('zelfstandig', 'JJ'), ('beroep', 'NN')], ['NP', ('$', 'CD'), ('Onderdeelc', 'NNP')], ['ADJP', ('alleen', 'JJ')], ['ADVP', ('samen', 'RB')], ['PP', ('met', 'IN')], ['NP', ('degene', 'PRP')], ['PP', ('met', 'IN')], ['NP', ('wie', 'PRP'), ('hij', 'PRP'), ('het', 'DT'), ('bedrijf', 'NN')], ['NP', ('zelfstandig', 'JJ'), ('beroep', 'NN'), ('uitoefent', 'NN')], ['NP', ('de', 'DT'), ('volledige', 'JJ'), ('zeggenschap', 'NN')], ['NP', ('dat', 'PRP'), ('bedrijf', 'NN'), ('of', 'CC'), ('zelfstandig', 'JJ'), ('beroep', 'NN')], ['VP', ('heeft', 'MD')], ['NP', ('de', 'DT'), ('financile', 'JJ'), ('risicos', 'NNS')], ['VP', ('daarvan', 'RB'), ('draagt', 'VBZ')]]","{'innen': 'In', 'berustennen': 'berustende', 'verstaan': 'verstaan', 'betreffennen': 'betreffende', 'bedoelen': 'bedoeld', 'rechthebbennen': 'rechthebbende', 'bereiken': 'bereikt', 'bestaan': 'bestaan', 'aanwijzen': 'aangewezen', 'lannen': 'lande', 'vereisen': 'vereisten', 'besteden': 'besteedt', 'dragen': 'draagt'}"
1,/Hoofdstuk1/Artikel2," $ Lid1 :  $  Algemene bijstand of bijstand ter voorziening in de behoefte aan bedrijfskapitaal op grond van dit besluit kan worden verleend aan de zelfstandige die op 17maart 2020 stond ingeschreven in het handelsregister, bedoeld in  en schriftelijk verklaart dat diens bedrijf of zelfstandig beroep financieel is geraakt als gevolg van de crisis in verband met COVID-19.artikel 2, van de Handelsregisterwet 2007  $ Lid2 :  $  Algemene bijstand op grond van dit besluit wordt niet verleend aan de zelfstandige die algemene bijstand ontvangt op grond van het .Besluit bijstandverlening zelfstandigen 2004",1.0:c:BWBR0043402&artikel=2&g=2020-04-22,jci1.3:c:BWBR0043402&hoofdstuk=1&artikel=2&z=2020-04-22&g=2020-04-22,22-04-2020,"[['NP', ('$', 'CD'), ('Lid1', 'NNP')], ['NP', ('$', 'CD'), ('Algemene', 'NNP'), ('bijstand', 'NN')], ['NP', ('bijstand', 'NN')], ['PP', ('ter', 'IN')], ['NP', ('voorziening', 'NN')], ['PP', ('in', 'IN')], ['NP', ('de', 'DT'), ('behoefte', 'NN')], ['PP', ('aan', 'IN')], ['NP', ('bedrijfskapitaal', 'NN')], ['PP', ('op', 'IN')], ['NP', ('grond', 'NN')], ['VP', ('van', 'VB')], ['NP', ('dit', 'PRP'), ('besluit', 'NN')], ['VP', ('kan', 'MD'), ('worden', 'MD'), ('verleend', 'VBN')], ['PP', ('aan', 'IN')], ['NP', ('de', 'DT'), ('zelfstandige', 'JJ'), ('die', 'PRP')], ['PP', ('op', 'IN')], ['VP', ('stond', 'VBD'), ('ingeschreven', 'VBN')], ['PP', ('in', 'IN')], ['NP', ('het', 'DT'), ('handelsregister', 'NN')], ['VP', ('bedoeld', 'VBN')], ['PP', ('in', 'IN')], ['ADJP', ('schriftelijk', 'JJ')], ['VP', ('verklaart', 'VBZ')], ['NP', ('diens', 'PRP'), ('bedrijf', 'NN')], ['NP', ('zelfstandig', 'JJ'), ('beroep', 'NN')], ['ADJP', ('financieel', 'JJ')], ['VP', ('is', 'MD')], ['VP', ('geraakt', 'MD')], ['NP', ('als', 'PRP'), ('gevolg', 'NN')], ['PP', ('van', 'IN')], ['NP', ('de', 'DT'), ('crisis', 'NN')], ['PP', ('in', 'IN')], ['NP', ('verband', 'NN')], ['PP', ('met', 'IN')], ['PP', ('van', 'IN')], ['NP', ('de', 'DT'), ('Handelsregisterwet', 'NNP')], ['NP', ('2007', 'CD'), ('$', 'CD'), ('Lid2', 'NNP')], ['NP', ('$', 'CD'), ('Algemene', 'NNP'), ('bijstand', 'NN')], ['PP', ('op', 'IN')], ['NP', ('grond', 'NN')], ['VP', ('van', 'VB')], ['NP', ('dit', 'PRP'), ('besluit', 'NN')], ['VP', ('wordt', 'MD'), ('niet', 'RB'), ('verleend', 'VBN')], ['PP', ('aan', 'IN')], ['NP', ('de', 'DT'), ('zelfstandige', 'JJ'), ('die', 'PRP')], ['NP', ('algemene', 'JJ'), ('bijstand', 'NN')], ['VP', ('ontvangt', 'VBZ')], ['PP', ('op', 'IN')], ['NP', ('grond', 'NN')], ['PP', ('van', 'IN')], ['NP', ('Besluit', 'NN'), ('bijstandverlening', 'NN'), ('zelfstandigen', 'NNS')]]","{'vannen': 'van', 'verlenen': 'verleend', 'staan': 'stond', 'inschrijven': 'ingeschreven', 'bedoelen': 'bedoeld', 'verklaren': 'verklaart', 'ontvangen': 'ontvangt'}"
2,/Hoofdstuk1/Artikel3," $ Lid1 :  $  In afwijking van  wordt de aanvraag ingediend bij het college.artikel 41 van de wet  $ Lid2 :  $  De aanvraag wordt ingediend voor 1juni 2020 en wordt voor de toepassing van  geacht te zijn ingediend op 1maart 2020.artikel 44, eerste lid, derde zinsdeel, van de wet  $ Lid3 :  $  Voor de ondernemer in de binnenvaart, bedoeld in , die geen woonplaats heeft als bedoeld in , bestaat het recht op bijstand jegens het college van de gemeente waar de ondernemer in de binnenvaart op het moment van de aanvraag zijn feitelijke ligplaats heeft.artikel 1, onderdeel k, van het Besluit bijstandverlening zelfstandigen 2004",1.0:c:BWBR0043402&artikel=3&g=2020-04-22,jci1.3:c:BWBR0043402&hoofdstuk=1&artikel=3&z=2020-04-22&g=2020-04-22,22-04-2020,"[['NP', ('$', 'CD'), ('Lid1', 'NNP')], ['PP', ('In', 'IN')], ['NP', ('afwijking', 'NN')], ['PP', ('van', 'IN')], ['VP', ('wordt', 'MD')], ['NP', ('de', 'DT'), ('aanvraag', 'NN')], ['VP', ('ingediend', 'VBN')], ['PP', ('bij', 'IN')], ['NP', ('het', 'DT'), ('college.artikel', 'NNP')], ['PP', ('van', 'IN')], ['NP', ('de', 'DT'), ('wet', 'NN')], ['NP', ('$', 'CD'), ('Lid2', 'NNP')], ['NP', ('$', 'CD'), ('De', 'DT'), ('aanvraag', 'NN')], ['VP', ('wordt', 'MD'), ('ingediend', 'VBN')], ['PP', ('voor', 'IN')], ['VP', ('wordt', 'MD')], ['PP', ('voor', 'IN')], ['NP', ('de', 'DT'), ('toepassing', 'NN')], ['PP', ('van', 'IN')], ['VP', ('geacht', 'VBN')], ['NP', ('zijn', 'PRP')], ['VP', ('ingediend', 'VBN')], ['PP', ('op', 'IN')], ['NP', ('eerste', 'CD'), ('lid', 'NN')], ['NP', ('derde', 'CD'), ('zinsdeel', 'NN')], ['PP', ('van', 'IN')], ['NP', ('de', 'DT'), ('wet', 'NN')], ['NP', ('$', 'CD'), ('Lid3', 'NNP')], ['PP', ('Voor', 'IN')], ['NP', ('de', 'DT'), ('ondernemer', 'NN')], ['PP', ('in', 'IN')], ['NP', ('de', 'DT'), ('binnenvaart', 'NN')], ['VP', ('bedoeld', 'VBN'), ('in', 'RP')], ['NP', ('die', 'PRP'), ('geen', 'PRP'), ('woonplaats', 'NN')], ['VP', ('heeft', 'MD')], ['VP', ('bedoeld', 'VBN'), ('in', 'RP')], ['VP', ('bestaat', 'VBZ')], ['NP', ('het', 'DT'), ('recht', 'NN')], ['PP', ('op', 'IN')], ['NP', ('bijstand', 'NN')], ['PP', ('jegens', 'IN')], ['NP', ('het', 'DT'), ('college', 'NN')], ['PP', ('van', 'IN')], ['NP', ('de', 'DT'), ('gemeente', 'NN')], ['ADVP', ('waar', 'RB')], ['NP', ('de', 'DT'), ('ondernemer', 'NN')], ['PP', ('in', 'IN')], ['NP', ('de', 'DT'), ('binnenvaart', 'NN')], ['PP', ('op', 'IN')], ['NP', ('het', 'DT'), ('moment', 'NN')], ['PP', ('van', 'IN')], ['NP', ('de', 'DT'), ('aanvraag', 'NN'), ('zijn', 'PRP$')], ['NP', ('feitelijke', 'JJ'), ('ligplaats', 'NNS'), ('heeft.artikel', 'NNP')], ['NP', ('onderdeel', 'NN'), ('k', 'NN')], ['PP', ('van', 'IN')], ['NP', ('het', 'DT'), ('Besluit', 'NNP'), ('bijstandverlening', 'NN'), ('zelfstandigen', 'NNS')]]","{'indienen': 'ingediend', 'achten': 'geacht', 'bedoelen': 'bedoeld', 'bestaan': 'bestaat'}"
3,/Hoofdstuk1/Artikel4," $ Lid1 :  $  De aanvraag kan worden ingediend door middel van een door Onze Minister beschikbaar gesteld formulier. De hiervoor benodigde gegevens worden niet verkregen van de zelfstandige voor zover zij door Onze Minister verkregen kunnen worden uit het handelsregister, bedoeld in , alsmede van Onze Minister van Onderwijs, Cultuur en Wetenschap.artikel 2 van de Handelsregisterwet 2007  $ Lid2 :  $  De voor de aanvraag benodigde gegevens worden door Onze Minister niet verkregen van de zelfstandige voor zover zij door het college verkregen kunnen worden uit de basisregistratie personen.  $ Lid3 :  $  In afwijking van  is het Inlichtingenbureau verwerker voor Onze Minister voor het verwerken van de gegevens die door tussenkomst van het Inlichtingenbureau door Onze Minister worden verkregen ten behoeve van de taak, bedoeld in het eerste lid.artikel 5.24, eerste lid, van het Besluit SUWI",1.0:c:BWBR0043402&artikel=4&g=2020-04-22,jci1.3:c:BWBR0043402&hoofdstuk=1&artikel=4&z=2020-04-22&g=2020-04-22,22-04-2020,"[['NP', ('$', 'CD'), ('Lid1', 'NNP')], ['NP', ('$', 'CD'), ('De', 'DT'), ('aanvraag', 'NN')], ['VP', ('kan', 'MD'), ('worden', 'MD'), ('ingediend', 'VBN')], ['PP', ('door', 'IN')], ['NP', ('middel', 'NN')], ['PP', ('van', 'IN')], ['PP', ('door', 'IN')], ['NP', ('Onze', 'PRP$'), ('Minister', 'NNP')], ['ADJP', ('beschikbaar', 'JJ')], ['VP', ('gesteld', 'VBN')], ['NP', ('formulier', 'NN')], ['VP', ('hiervoor', 'RB'), ('benodigde', 'VBD')], ['NP', ('gegevens', 'NNS')], ['VP', ('worden', 'MD'), ('niet', 'RB'), ('verkregen', 'VBN')], ['PP', ('van', 'IN')], ['NP', ('de', 'DT'), ('zelfstandige', 'NN')], ['PP', ('voor', 'IN')], ['ADVP', ('zover', 'RB')], ['NP', ('zij', 'PRP')], ['PP', ('door', 'IN')], ['NP', ('Onze', 'PRP$'), ('Minister', 'NNP')], ['VP', ('verkregen', 'VBN')], ['VP', ('kunnen', 'MD')], ['VP', ('worden', 'MD')], ['PP', ('uit', 'IN')], ['NP', ('het', 'DT'), ('handelsregister', 'NN')], ['VP', ('bedoeld', 'VBN'), ('in', 'RP')], ['PP', ('van', 'IN')], ['NP', ('Onze', 'PRP'), ('Minister', 'NNP')], ['PP', ('van', 'IN')], ['NP', ('Onderwijs', 'NNP')], ['NP', ('Cultuur', 'NNP'), ('en', 'CC'), ('Wetenschap.artikel', 'NNP')], ['PP', ('van', 'IN')], ['NP', ('de', 'DT'), ('Handelsregisterwet', 'NNP')], ['NP', ('2007', 'CD'), ('$', 'CD'), ('Lid2', 'NNP')], ['PP', ('voor', 'IN')], ['NP', ('de', 'DT'), ('aanvraag', 'NN')], ['VP', ('benodigde', 'VBD')], ['NP', ('gegevens', 'NNS')], ['VP', ('worden', 'MD')], ['PP', ('door', 'IN')], ['NP', ('Onze', 'PRP$'), ('Minister', 'NNP')], ['VP', ('niet', 'RB'), ('verkregen', 'VBN')], ['PP', ('van', 'IN')], ['NP', ('de', 'DT'), ('zelfstandige', 'NN')], ['PP', ('voor', 'IN')], ['ADVP', ('zover', 'RB')], ['NP', ('zij', 'PRP')], ['PP', ('door', 'IN')], ['NP', ('het', 'DT'), ('college', 'NN')], ['VP', ('verkregen', 'VBN')], ['VP', ('kunnen', 'MD')], ['VP', ('worden', 'MD')], ['PP', ('uit', 'IN')], ['NP', ('de', 'DT'), ('basisregistratie', 'NN'), ('personen', 'NNS')], ['NP', ('$', 'CD'), ('Lid3', 'NNP')], ['PP', ('In', 'IN')], ['NP', ('afwijking', 'NN')], ['PP', ('van', 'IN')], ['VP', ('is', 'MD')], ['NP', ('het', 'PRP'), ('Inlichtingenbureau', 'NNP'), ('verwerker', 'NN')], ['PP', ('voor', 'IN')], ['NP', ('Onze', 'PRP$'), ('Minister', 'NNP')], ['PP', ('voor', 'IN')], ['VP', ('verwerken', 'VB')], ['PP', ('van', 'IN')], ['NP', ('de', 'DT'), ('gegevens', 'NNS'), ('die', 'PRP')], ['PP', ('door', 'IN')], ['NP', ('tussenkomst', 'NN')], ['PP', ('van', 'IN')], ['NP', ('het', 'DT'), ('Inlichtingenbureau', 'NNP')], ['PP', ('door', 'IN')], ['NP', ('Onze', 'PRP$'), ('Minister', 'NNP')], ['VP', ('worden', 'MD'), ('verkregen', 'VBN')], ['PP', ('ten', 'IN')], ['NP', ('behoeve', 'NN')], ['PP', ('van', 'IN')], ['NP', ('de', 'DT'), ('taak', 'NN')], ['VP', ('bedoeld', 'VBN')], ['PP', ('in', 'IN')], ['NP', ('het', 'DT'), ('eerste', 'CD'), ('lid.artikel', 'NNP')], ['NP', ('eerste', 'CD'), ('lid', 'NN')], ['PP', ('van', 'IN')], ['NP', ('het', 'DT'), ('Besluit', 'NNP'), ('SUWI', 'NN')]]","{'indienen': 'ingediend', 'stellen': 'gesteld', 'benodigen': 'benodigde', 'verkrijgen': 'verkregen', 'bedoelen': 'bedoeld', 'verwerken': 'verwerken'}"
4,/Hoofdstuk2/Artikel5,"In de verklaring wordt door de aanvrager van algemene bijstand het volgende verklaard en de volgende informatie verstrekt:  $ Onderdeela :  $  dat diens bedrijf of zelfstandig beroep financieel is geraakt als gevolg van de crisis in verband met COVID-19, voorzien van een toelichting;  $ Onderdeelb :  $  dat hij voor de kalendermaanden waarover algemene bijstand wordt aangevraagd, verwacht een in aanmerking te nemen inkomen te hebben dat lager is dan de bijstandsnorm; en  $ Onderdeelc :  $  voor de kalendermaanden waarover algemene bijstand wordt aangevraagd een opgave van het inkomen dat hij heeft verworven of verwacht te gaan verwerven.",1.0:c:BWBR0043402&artikel=5&g=2020-04-22,jci1.3:c:BWBR0043402&hoofdstuk=2&artikel=5&z=2020-04-22&g=2020-04-22,22-04-2020,"[['PP', ('In', 'IN')], ['NP', ('de', 'DT'), ('verklaring', 'NN')], ['VP', ('wordt', 'MD')], ['PP', ('door', 'IN')], ['NP', ('de', 'DT'), ('aanvrager', 'NN')], ['PP', ('van', 'IN')], ['NP', ('algemene', 'JJ'), ('bijstand', 'NN')], ['VP', ('volgende', 'VBG'), ('verklaard', 'VBN')], ['NP', ('de', 'DT'), ('volgende', 'JJ'), ('informatie', 'NN')], ['ADJP', ('verstrekt', 'JJ')], ['NP', ('$', 'CD'), ('Onderdeela', 'NNP')], ['NP', ('$', 'CD'), ('dat', 'CC'), ('diens', 'PRP'), ('bedrijf', 'NN')], ['NP', ('zelfstandig', 'JJ'), ('beroep', 'NN')], ['ADJP', ('financieel', 'JJ')], ['VP', ('is', 'MD')], ['VP', ('geraakt', 'MD')], ['NP', ('als', 'PRP'), ('gevolg', 'NN')], ['PP', ('van', 'IN')], ['NP', ('de', 'DT'), ('crisis', 'NN')], ['PP', ('in', 'IN')], ['NP', ('verband', 'NN')], ['PP', ('met', 'IN')], ['VP', ('voorzien', 'VBP')], ['PP', ('van', 'IN')], ['NP', ('een', 'DT'), ('toelichting', 'NN')], ['NP', ('$', 'CD'), ('Onderdeelb', 'NNP')], ['NP', ('$', 'CD'), ('dat', 'CC'), ('hij', 'PRP')], ['PP', ('voor', 'IN')], ['NP', ('de', 'DT'), ('kalendermaanden', 'NNS')], ['NP', ('waarover', 'RB'), ('algemene', 'JJ'), ('bijstand', 'NN')], ['VP', ('wordt', 'MD'), ('aangevraagd', 'VBN')], ['VP', ('verwacht', 'VBD')], ['PP', ('in', 'IN')], ['NP', ('aanmerking', 'NN')], ['VP', ('te', 'TO'), ('nemen', 'VB')], ['NP', ('inkomen', 'NN')], ['VP', ('hebben', 'MD')], ['ADJP', ('lager', 'JJR')], ['VP', ('is', 'MD')], ['NP', ('de', 'DT'), ('bijstandsnorm', 'NN')], ['NP', ('$', 'CD'), ('Onderdeelc', 'NNP')], ['PP', ('voor', 'IN')], ['NP', ('de', 'DT'), ('kalendermaanden', 'NNS')], ['NP', ('waarover', 'RB'), ('algemene', 'JJ'), ('bijstand', 'NN')], ['VP', ('wordt', 'MD'), ('aangevraagd', 'VBN')], ['NP', ('een', 'DT'), ('opgave', 'NN')], ['PP', ('van', 'IN')], ['NP', ('het', 'DT'), ('inkomen', 'NN')], ['NP', ('hij', 'PRP')], ['VP', ('heeft', 'VBZ')], ['NP', ('verworven', 'NNS')], ['VP', ('verwacht', 'VBP'), ('te', 'TO'), ('gaan', 'MD'), ('verwerven', 'VB')]]","{'volgennen': 'volgende', 'verklaren': 'verklaard', 'voorzien': 'voorzien', 'aanvragen': 'aangevraagd', 'verwachten': 'verwacht', 'nemen': 'nemen', 'hebben': 'heeft', 'verwerven': 'verwerven'}"
5,/Hoofdstuk2/Artikel6," $ Lid1 :  $  In afwijking van  wordt niet als inkomen in aanmerking genomen:artikel 32, eerste lid, onderdeel a, van de wet  $ Onderdeela :  $  het inkomen van de echtgenoot van de zelfstandige;  $ Onderdeelb :  $  een teruggave inkomstenbelasting en premies volksverzekeringen.  $ Lid2 :  $  De verschuldigde inkomstenbelasting en premies volksverzekeringen over inkomen waarover geen loonbelasting is geheven wordt gesteld op 18 procent van dat inkomen.  $ Lid3 :  $  Ten aanzien van de zelfstandige die het bedrijf of zelfstandig beroep uitoefent in de vorm van een besloten vennootschap of een coperatieve vereniging met wettelijke aansprakelijkheid wordt onder inkomen mede verstaan de naar evenredigheid van het aantal zelfstandigen omgerekende nettowinst van deze rechtspersoon verminderd met de hierover verschuldigde vennootschapsbelasting.",1.0:c:BWBR0043402&artikel=6&g=2020-04-22,jci1.3:c:BWBR0043402&hoofdstuk=2&artikel=6&z=2020-04-22&g=2020-04-22,22-04-2020,"[['NP', ('$', 'CD'), ('Lid1', 'NNP')], ['PP', ('In', 'IN')], ['NP', ('afwijking', 'NN')], ['PP', ('van', 'IN')], ['VP', ('wordt', 'MD')], ['ADVP', ('niet', 'RB')], ['NP', ('als', 'PRP'), ('inkomen', 'NN')], ['PP', ('in', 'IN')], ['NP', ('aanmerking', 'NN'), ('genomen:artikel', 'NN')], ['NP', ('eerste', 'CD'), ('lid', 'NN')], ['NP', ('onderdeel', 'NN')], ['PP', ('van', 'IN')], ['NP', ('de', 'DT'), ('wet', 'NN')], ['NP', ('$', 'CD'), ('Onderdeela', 'NNP')], ['NP', ('$', 'CD'), ('het', 'DT'), ('inkomen', 'NN')], ['PP', ('van', 'IN')], ['NP', ('de', 'DT'), ('echtgenoot', 'NN')], ['PP', ('van', 'IN')], ['ADJP', ('zelfstandige', 'JJ')], ['NP', ('$', 'CD'), ('Onderdeelb', 'NNP')], ['NP', ('$', 'CD'), ('een', 'DT'), ('teruggave', 'JJ'), ('inkomstenbelasting', 'NN')], ['NP', ('premies', 'NNS'), ('volksverzekeringen', 'NNS')], ['NP', ('$', 'CD'), ('Lid2', 'NNP')], ['VP', ('verschuldigde', 'VBN')], ['NP', ('inkomstenbelasting', 'NN'), ('en', 'CC'), ('premies', 'NNS'), ('volksverzekeringen', 'NNS')], ['PP', ('over', 'IN')], ['NP', ('inkomen', 'NN'), ('waarover', 'RB'), ('geen', 'PRP'), ('loonbelasting', 'NN')], ['VP', ('is', 'MD'), ('geheven', 'VBN'), ('wordt', 'MD'), ('gesteld', 'VBN')], ['PP', ('op', 'IN')], ['NP', ('18', 'CD'), ('procent', 'NN')], ['NP', ('dat', 'PRP'), ('inkomen', 'NN')], ['NP', ('$', 'CD'), ('Lid3', 'NNP')], ['PP', ('Ten', 'IN')], ['NP', ('aanzien', 'NN')], ['PP', ('van', 'IN')], ['NP', ('de', 'DT'), ('zelfstandige', 'JJ'), ('die', 'PRP')], ['NP', ('het', 'DT'), ('bedrijf', 'NN')], ['NP', ('zelfstandig', 'JJ'), ('beroep', 'NN'), ('uitoefent', 'NN')], ['PP', ('in', 'IN')], ['NP', ('de', 'DT'), ('vorm', 'NN')], ['PP', ('van', 'IN')], ['VP', ('besloten', 'VBD')], ['NP', ('vennootschap', 'NN'), ('of', 'CC'), ('een', 'DT'), ('coperatieve', 'JJ'), ('vereniging', 'NN')], ['PP', ('met', 'IN')], ['NP', ('wettelijke', 'JJ'), ('aansprakelijkheid', 'NN')], ['VP', ('wordt', 'MD')], ['PP', ('onder', 'IN')], ['NP', ('inkomen', 'NN')], ['VP', ('mede', 'RB'), ('verstaan', 'VB')], ['PP', ('naar', 'IN')], ['NP', ('evenredigheid', 'NN')], ['PP', ('van', 'IN')], ['NP', ('het', 'DT'), ('aantal', 'NN'), ('zelfstandigen', 'NNS')], ['VP', ('omgerekende', 'VBG')], ['NP', ('nettowinst', 'NN')], ['VP', ('van', 'VB')], ['NP', ('deze', 'PRP'), ('rechtspersoon', 'NN')], ['VP', ('verminderd', 'VBN')], ['PP', ('met', 'IN')], ['NP', ('de', 'DT'), ('hierover', 'NN')], ['VP', ('verschuldigde', 'VBN')], ['NP', ('vennootschapsbelasting', 'NN')]]","{'verschuldigen': 'verschuldigde', 'heffen': 'geheven', 'stellen': 'gesteld', 'besluiten': 'besloten', 'verstaan': 'verstaan', 'omgerekennen': 'omgerekende', 'vannen': 'van', 'verminderen': 'verminderd'}"
6,/Hoofdstuk2/Artikel7,In afwijking van  wordt vermogen niet in aanmerking genomen.artikel 34 van de wet,1.0:c:BWBR0043402&artikel=7&g=2020-04-22,jci1.3:c:BWBR0043402&hoofdstuk=2&artikel=7&z=2020-04-22&g=2020-04-22,22-04-2020,"[['PP', ('In', 'IN')], ['NP', ('afwijking', 'NN')], ['PP', ('van', 'IN')], ['VP', ('wordt', 'MD')], ['NP', ('vermogen', 'NN')], ['ADVP', ('niet', 'RB')], ['PP', ('in', 'IN')], ['NP', ('aanmerking', 'NN'), ('genomen.artikel', 'NNP')], ['PP', ('van', 'IN')], ['NP', ('de', 'DT'), ('wet', 'NN')]]",{}
7,/Hoofdstuk2/Artikel8,Algemene bijstand wordt naar de regels van dit besluit verleend in de vorm van een bedrag om niet.,1.0:c:BWBR0043402&artikel=8&g=2020-04-22,jci1.3:c:BWBR0043402&hoofdstuk=2&artikel=8&z=2020-04-22&g=2020-04-22,22-04-2020,"[['NP', ('Algemene', 'NNP'), ('bijstand', 'NN')], ['VP', ('wordt', 'MD')], ['PP', ('naar', 'IN')], ['NP', ('de', 'DT'), ('regels', 'NNS')], ['VP', ('van', 'VB')], ['NP', ('dit', 'PRP'), ('besluit', 'NN')], ['VP', ('verleend', 'VBN')], ['PP', ('in', 'IN')], ['NP', ('de', 'DT'), ('vorm', 'NN')], ['PP', ('van', 'IN')], ['NP', ('een', 'DT'), ('bedrag', 'NN')], ['ADVP', ('niet', 'RB')]]","{'vannen': 'van', 'verlenen': 'verleend'}"
8,/Hoofdstuk2/Artikel9,De algemene bijstand wordt naar de regels van dit besluit verleend voor ten hoogste drie aaneengesloten kalendermaanden en ziet uitsluitend op de kalendermaanden maart tot en met augustus 2020.,1.0:c:BWBR0043402&artikel=9&g=2020-04-22,jci1.3:c:BWBR0043402&hoofdstuk=2&artikel=9&z=2020-04-22&g=2020-04-22,22-04-2020,"[['NP', ('De', 'DT'), ('algemene', 'JJ'), ('bijstand', 'NN')], ['VP', ('wordt', 'MD')], ['PP', ('naar', 'IN')], ['NP', ('de', 'DT'), ('regels', 'NNS')], ['VP', ('van', 'VB')], ['NP', ('dit', 'PRP'), ('besluit', 'NN')], ['VP', ('verleend', 'VBN'), ('voor', 'RP')], ['PP', ('ten', 'IN')], ['ADJP', ('hoogste', 'JJS')], ['VP', ('aaneengesloten', 'VBN')], ['NP', ('kalendermaanden', 'NNS')], ['VP', ('ziet', 'VBZ')], ['ADVP', ('uitsluitend', 'RB')], ['PP', ('op', 'IN')], ['NP', ('de', 'DT'), ('kalendermaanden', 'NNS'), ('maart', 'NNP')], ['PP', ('tot', 'IN')], ['PP', ('met', 'IN')], ['NP', ('augustus', 'NNP')]]","{'vannen': 'van', 'verlenen': 'verleend', 'aaneengeslotten': 'aaneengesloten', 'zien': 'ziet'}"
9,/Hoofdstuk3/Artikel10," $ Lid1 :  $  Bijstand ter voorziening in de behoefte aan bedrijfskapitaal kan worden verleend aan de zelfstandige die schriftelijk verklaart en aannemelijk maakt dat hij als gevolg van de crisis in verband met COVID-19 over onvoldoende direct beschikbare geldmiddelen beschikt om aan de financile verplichtingen verbonden aan diens bedrijf of zelfstandig beroep te kunnen voldoen.  $ Lid2 :  $  Bijstand ter voorziening in de behoefte aan bedrijfskapitaal wordt niet verleend voor zover dat leidt tot een overschrijding van het de-minimisplafond, bedoeld in artikel 3, tweede lid, van de algemene de-minimisverordening.",1.0:c:BWBR0043402&artikel=10&g=2020-04-22,jci1.3:c:BWBR0043402&hoofdstuk=3&artikel=10&z=2020-04-22&g=2020-04-22,22-04-2020,"[['NP', ('$', 'CD'), ('Lid1', 'NNP')], ['NP', ('$', 'CD'), ('Bijstand', 'NNP')], ['PP', ('ter', 'IN')], ['NP', ('voorziening', 'NN')], ['PP', ('in', 'IN')], ['NP', ('de', 'DT'), ('behoefte', 'NN')], ['PP', ('aan', 'IN')], ['NP', ('bedrijfskapitaal', 'NN')], ['VP', ('kan', 'MD'), ('worden', 'MD'), ('verleend', 'VBN')], ['PP', ('aan', 'IN')], ['NP', ('de', 'DT'), ('zelfstandige', 'JJ'), ('die', 'PRP')], ['ADJP', ('schriftelijk', 'JJ')], ['VP', ('verklaart', 'VBZ')], ['ADJP', ('aannemelijk', 'JJ')], ['VP', ('maakt', 'VBZ')], ['NP', ('hij', 'PRP'), ('als', 'PRP'), ('gevolg', 'NN')], ['PP', ('van', 'IN')], ['NP', ('de', 'DT'), ('crisis', 'NN')], ['PP', ('in', 'IN')], ['NP', ('verband', 'NN')], ['PP', ('met', 'IN')], ['PP', ('over', 'IN')], ['ADJP', ('onvoldoende', 'JJ'), ('direct', 'JJ'), ('beschikbare', 'JJ')], ['VP', ('geldmiddelen', 'VBN'), ('beschikt', 'VBZ')], ['PP', ('aan', 'IN')], ['NP', ('de', 'DT'), ('financile', 'JJ'), ('verplichtingen', 'NNS')], ['VP', ('verbonden', 'VBN')], ['PP', ('aan', 'IN')], ['NP', ('diens', 'PRP'), ('bedrijf', 'NN'), ('of', 'CC'), ('zelfstandig', 'JJ'), ('beroep', 'NN')], ['VP', ('te', 'TO'), ('kunnen', 'MD'), ('voldoen', 'VB')], ['NP', ('$', 'CD'), ('Lid2', 'NNP')], ['NP', ('$', 'CD'), ('Bijstand', 'NNP')], ['PP', ('ter', 'IN')], ['NP', ('voorziening', 'NN')], ['PP', ('in', 'IN')], ['NP', ('de', 'DT'), ('behoefte', 'NN')], ['PP', ('aan', 'IN')], ['NP', ('bedrijfskapitaal', 'NN')], ['VP', ('wordt', 'MD'), ('niet', 'RB'), ('verleend', 'VBN')], ['PP', ('voor', 'IN')], ['ADVP', ('zover', 'RB')], ['NP', ('dat', 'PRP')], ['VP', ('leidt', 'VBZ')], ['PP', ('tot', 'IN')], ['NP', ('een', 'DT'), ('overschrijding', 'NN')], ['PP', ('van', 'IN')], ['NP', ('het', 'DT'), ('de-minimisplafond', 'NN')], ['VP', ('bedoeld', 'VBN')], ['PP', ('in', 'IN')], ['NP', ('artikel', 'NN')], ['NP', ('tweede', 'CD'), ('lid', 'NN')], ['PP', ('van', 'IN')], ['NP', ('de', 'DT'), ('algemene', 'JJ'), ('de-minimisverordening', 'NN')]]","{'verlenen': 'verleend', 'verklaren': 'verklaart', 'maken': 'maakt', 'geldmiddelen': 'geldmiddelen', 'beschikken': 'beschikt', 'verbinden': 'verbonden', 'voldoen': 'voldoen', 'leiden': 'leidt', 'bedoelen': 'bedoeld'}"
10,/Hoofdstuk3/Artikel11," $ Lid1 :  $  Bijstand ter voorziening in de behoefte aan bedrijfskapitaal aan de zelfstandige die het bedrijf of zelfstandig beroep uitoefent in de vorm van een maatschap, een vennootschap onder firma, een commanditaire vennootschap, een besloten vennootschap of een coperatieve vereniging met wettelijke aansprakelijkheid, wordt slechts verleend indien hoofdelijke aansprakelijkheid voor de uit de bijstandsverlening voortvloeiende verplichtingen wordt aanvaard door:  $ Onderdeela :  $  alle vennoten of leden waarmee het bedrijf of zelfstandig beroep wordt uitgeoefend;  $ Onderdeelb :  $  de besloten vennootschap en de coperatieve vereniging met wettelijke aansprakelijkheid.  $ Lid2 :  $  De eis van aanvaarding van hoofdelijke aansprakelijkheid geldt niet voor de commanditaire vennoot wiens inbreng uitsluitend uit kapitaal bestaat.  $ Lid3 :  $  Bijstand ter voorziening in de behoefte aan bedrijfskapitaal wordt niet verleend aan de vennoot in een maatschap die daar alleen arbeid inbrengt. Deze vennoot behoeft geen hoofdelijke aansprakelijkheid te aanvaarden voor de aan de andere vennoten verleende bijstand ter voorziening in de behoefte aan bedrijfskapitaal.",1.0:c:BWBR0043402&artikel=11&g=2020-04-22,jci1.3:c:BWBR0043402&hoofdstuk=3&artikel=11&z=2020-04-22&g=2020-04-22,22-04-2020,"[['NP', ('$', 'CD'), ('Lid1', 'NNP')], ['NP', ('$', 'CD'), ('Bijstand', 'NNP')], ['PP', ('ter', 'IN')], ['NP', ('voorziening', 'NN')], ['PP', ('in', 'IN')], ['NP', ('de', 'DT'), ('behoefte', 'NN')], ['PP', ('aan', 'IN')], ['NP', ('bedrijfskapitaal', 'NN')], ['PP', ('aan', 'IN')], ['NP', ('de', 'DT'), ('zelfstandige', 'JJ'), ('die', 'PRP')], ['NP', ('het', 'DT'), ('bedrijf', 'NN')], ['NP', ('zelfstandig', 'JJ'), ('beroep', 'NN'), ('uitoefent', 'NN')], ['PP', ('in', 'IN')], ['NP', ('de', 'DT'), ('vorm', 'NN')], ['PP', ('van', 'IN')], ['NP', ('een', 'DT'), ('maatschap', 'NN')], ['NP', ('een', 'DT'), ('vennootschap', 'NN')], ['PP', ('onder', 'IN')], ['NP', ('firma', 'NN')], ['NP', ('een', 'DT'), ('commanditaire', 'JJ'), ('vennootschap', 'NN')], ['VP', ('besloten', 'VBD')], ['NP', ('vennootschap', 'NN'), ('of', 'CC'), ('een', 'DT'), ('coperatieve', 'JJ'), ('vereniging', 'NN')], ['PP', ('met', 'IN')], ['NP', ('wettelijke', 'JJ'), ('aansprakelijkheid', 'NN')], ['VP', ('wordt', 'MD'), ('slechts', 'RB'), ('verleend', 'VBN')], ['NP', ('hoofdelijke', 'JJ'), ('aansprakelijkheid', 'NN')], ['PP', ('voor', 'IN')], ['PP', ('uit', 'IN')], ['NP', ('de', 'DT'), ('bijstandsverlening', 'NN')], ['VP', ('voortvloeiende', 'VBG')], ['NP', ('verplichtingen', 'NNS')], ['VP', ('wordt', 'MD'), ('aanvaard', 'VBN')], ['PP', ('door', 'IN')], ['NP', ('$', 'CD'), ('Onderdeela', 'NNP')], ['NP', ('$', 'CD'), ('alle', 'PRP'), ('vennoten', 'NNS')], ['NP', ('leden', 'NNS')], ['ADVP', ('waarmee', 'RB')], ['NP', ('het', 'DT'), ('bedrijf', 'NN')], ['NP', ('zelfstandig', 'JJ'), ('beroep', 'NN')], ['VP', ('wordt', 'MD'), ('uitgeoefend', 'VBN')], ['NP', ('$', 'CD'), ('Onderdeelb', 'NNP')], ['VP', ('besloten', 'VBD')], ['NP', ('vennootschap', 'NN'), ('en', 'CC'), ('de', 'DT'), ('coperatieve', 'JJ'), ('vereniging', 'NN')], ['PP', ('met', 'IN')], ['NP', ('wettelijke', 'JJ'), ('aansprakelijkheid', 'NN')], ['NP', ('$', 'CD'), ('Lid2', 'NNP')], ['NP', ('$', 'CD'), ('De', 'DT'), ('eis', 'NN')], ['PP', ('van', 'IN')], ['NP', ('aanvaarding', 'NN')], ['PP', ('van', 'IN')], ['NP', ('hoofdelijke', 'JJ'), ('aansprakelijkheid', 'NN')], ['VP', ('geldt', 'VBZ')], ['ADVP', ('niet', 'RB')], ['PP', ('voor', 'IN')], ['NP', ('de', 'DT'), ('commanditaire', 'JJ'), ('vennoot', 'NN'), ('wiens', 'PRP'), ('inbreng', 'NN')], ['ADVP', ('uitsluitend', 'RB')], ['PP', ('uit', 'IN')], ['NP', ('kapitaal', 'NN')], ['VP', ('bestaat', 'VBZ')], ['NP', ('$', 'CD'), ('Lid3', 'NNP')], ['NP', ('$', 'CD'), ('Bijstand', 'NNP')], ['PP', ('ter', 'IN')], ['NP', ('voorziening', 'NN')], ['PP', ('in', 'IN')], ['NP', ('de', 'DT'), ('behoefte', 'NN')], ['PP', ('aan', 'IN')], ['NP', ('bedrijfskapitaal', 'NN')], ['VP', ('wordt', 'MD'), ('niet', 'RB'), ('verleend', 'VBN')], ['PP', ('aan', 'IN')], ['NP', ('de', 'DT'), ('vennoot', 'NN')], ['PP', ('in', 'IN')], ['NP', ('een', 'DT'), ('maatschap', 'NN'), ('die', 'PRP')], ['ADVP', ('daar', 'RB')], ['ADVP', ('alleen', 'RB')], ['NP', ('arbeid', 'NN')], ['VP', ('inbrengt', 'VBZ')], ['NP', ('Deze', 'PRP'), ('vennoot', 'NN')], ['VP', ('behoeft', 'MD')], ['NP', ('geen', 'PRP'), ('hoofdelijke', 'JJ'), ('aansprakelijkheid', 'NN')], ['VP', ('te', 'TO'), ('aanvaarden', 'VB')], ['PP', ('voor', 'IN')], ['PP', ('aan', 'IN')], ['NP', ('de', 'DT'), ('andere', 'PRP'), ('vennoten', 'NNS')], ['VP', ('verleende', 'VBG')], ['NP', ('bijstand', 'NN')], ['PP', ('ter', 'IN')], ['NP', ('voorziening', 'NN')], ['PP', ('in', 'IN')], ['NP', ('de', 'DT'), ('behoefte', 'NN')], ['PP', ('aan', 'IN')], ['NP', ('bedrijfskapitaal', 'NN')]]","{'besluiten': 'besloten', 'verlenen': 'verleende', 'voortvloeienen': 'voortvloeiende', 'aanvaarden': 'aanvaarden', 'uitoefenen': 'uitgeoefend', 'gelden': 'geldt', 'bestaan': 'bestaat', 'inbrengen': 'inbrengt'}"
11,/Hoofdstuk3/Artikel12,"In de verklaring wordt door de aanvrager van bijstand ter voorziening in de behoefte aan bedrijfskapitaal het volgende verklaard en de volgende informatie verstrekt:  $ Onderdeela :  $  dat diens bedrijf of zelfstandig beroep financieel is geraakt als gevolg van de crisis in verband met COVID-19, voorzien van een toelichting;  $ Onderdeelb :  $  dat hij als gevolg van de crisis in verband met COVID-19 over onvoldoende direct beschikbare geldmiddelen beschikt om aan financile verplichtingen verbonden aan diens bedrijf of zelfstandig beroep te kunnen voldoen, voorzien van een toelichting; en  $ Onderdeelc :  $  dat de omvang van de aangevraagde bijstand niet zal leiden tot een overschrijding van het de-minimisplafond, bedoeld in artikel 3, tweede lid, van de algemene de- minimisverordening.",1.0:c:BWBR0043402&artikel=12&g=2020-04-22,jci1.3:c:BWBR0043402&hoofdstuk=3&artikel=12&z=2020-04-22&g=2020-04-22,22-04-2020,"[['PP', ('In', 'IN')], ['NP', ('de', 'DT'), ('verklaring', 'NN')], ['VP', ('wordt', 'MD')], ['PP', ('door', 'IN')], ['NP', ('de', 'DT'), ('aanvrager', 'NN')], ['PP', ('van', 'IN')], ['NP', ('bijstand', 'NN')], ['PP', ('ter', 'IN')], ['NP', ('voorziening', 'NN')], ['PP', ('in', 'IN')], ['NP', ('de', 'DT'), ('behoefte', 'NN')], ['PP', ('aan', 'IN')], ['NP', ('bedrijfskapitaal', 'NN')], ['VP', ('volgende', 'VBG'), ('verklaard', 'VBN')], ['NP', ('de', 'DT'), ('volgende', 'JJ'), ('informatie', 'NN')], ['ADJP', ('verstrekt', 'JJ')], ['NP', ('$', 'CD'), ('Onderdeela', 'NNP')], ['NP', ('$', 'CD'), ('dat', 'CC'), ('diens', 'PRP'), ('bedrijf', 'NN')], ['NP', ('zelfstandig', 'JJ'), ('beroep', 'NN')], ['ADJP', ('financieel', 'JJ')], ['VP', ('is', 'MD')], ['VP', ('geraakt', 'MD')], ['NP', ('als', 'PRP'), ('gevolg', 'NN')], ['PP', ('van', 'IN')], ['NP', ('de', 'DT'), ('crisis', 'NN')], ['PP', ('in', 'IN')], ['NP', ('verband', 'NN')], ['PP', ('met', 'IN')], ['VP', ('voorzien', 'VBP')], ['PP', ('van', 'IN')], ['NP', ('een', 'DT'), ('toelichting', 'NN')], ['NP', ('$', 'CD'), ('Onderdeelb', 'NNP')], ['NP', ('$', 'CD'), ('dat', 'CC'), ('hij', 'PRP'), ('als', 'PRP'), ('gevolg', 'NN')], ['PP', ('van', 'IN')], ['NP', ('de', 'DT'), ('crisis', 'NN')], ['PP', ('in', 'IN')], ['NP', ('verband', 'NN')], ['PP', ('met', 'IN')], ['PP', ('over', 'IN')], ['ADJP', ('onvoldoende', 'JJ'), ('direct', 'JJ'), ('beschikbare', 'JJ')], ['VP', ('geldmiddelen', 'VBN'), ('beschikt', 'VBZ')], ['PP', ('aan', 'IN')], ['NP', ('financile', 'JJ'), ('verplichtingen', 'NNS')], ['VP', ('verbonden', 'VBN')], ['PP', ('aan', 'IN')], ['NP', ('diens', 'PRP'), ('bedrijf', 'NN'), ('of', 'CC'), ('zelfstandig', 'JJ'), ('beroep', 'NN')], ['VP', ('te', 'TO'), ('kunnen', 'MD'), ('voldoen', 'VB')], ['VP', ('voorzien', 'VBP')], ['PP', ('van', 'IN')], ['NP', ('een', 'DT'), ('toelichting', 'NN')], ['NP', ('$', 'CD'), ('Onderdeelc', 'NNP')], ['NP', ('$', 'CD'), ('dat', 'CC'), ('de', 'DT'), ('omvang', 'NN')], ['PP', ('van', 'IN')], ['VP', ('aangevraagde', 'VBN')], ['NP', ('bijstand', 'NN')], ['VP', ('niet', 'RB'), ('zal', 'MD'), ('leiden', 'VB')], ['PP', ('tot', 'IN')], ['NP', ('een', 'DT'), ('overschrijding', 'NN')], ['PP', ('van', 'IN')], ['NP', ('het', 'DT'), ('de-minimisplafond', 'NN')], ['VP', ('bedoeld', 'VBN')], ['PP', ('in', 'IN')], ['NP', ('artikel', 'NN')], ['NP', ('tweede', 'CD'), ('lid', 'NN')], ['PP', ('van', 'IN')], ['ADJP', ('algemene', 'JJ')], ['NP', ('minimisverordening', 'NN')]]","{'volgennen': 'volgende', 'verklaren': 'verklaard', 'voorzien': 'voorzien', 'geldmiddelen': 'geldmiddelen', 'beschikken': 'beschikt', 'verbinden': 'verbonden', 'voldoen': 'voldoen', 'aangevragen': 'aangevraagde', 'leiden': 'leiden', 'bedoelen': 'bedoeld'}"
12,/Hoofdstuk3/Artikel13, $ Lid1 :  $  Bijstand ter voorziening in de behoefte aan bedrijfskapitaal wordt naar de regels van dit besluit verleend in de vorm van een rentedragende lening.  $ Lid2 :  $  Een voorschot als bedoeld in  kan geen betrekking hebben op bijstand ter voorziening in de behoefte aan bedrijfskapitaal.artikel 52 van de wet,1.0:c:BWBR0043402&artikel=13&g=2020-04-22,jci1.3:c:BWBR0043402&hoofdstuk=3&artikel=13&z=2020-04-22&g=2020-04-22,22-04-2020,"[['NP', ('$', 'CD'), ('Lid1', 'NNP')], ['NP', ('$', 'CD'), ('Bijstand', 'NNP')], ['PP', ('ter', 'IN')], ['NP', ('voorziening', 'NN')], ['PP', ('in', 'IN')], ['NP', ('de', 'DT'), ('behoefte', 'NN')], ['PP', ('aan', 'IN')], ['NP', ('bedrijfskapitaal', 'NN')], ['VP', ('wordt', 'MD')], ['PP', ('naar', 'IN')], ['NP', ('de', 'DT'), ('regels', 'NNS')], ['VP', ('van', 'VB')], ['NP', ('dit', 'PRP'), ('besluit', 'NN')], ['VP', ('verleend', 'VBN')], ['PP', ('in', 'IN')], ['NP', ('de', 'DT'), ('vorm', 'NN')], ['PP', ('van', 'IN')], ['NP', ('een', 'DT'), ('rentedragende', 'JJ'), ('lening', 'NN')], ['NP', ('$', 'CD'), ('Lid2', 'NNP')], ['NP', ('$', 'CD'), ('Een', 'DT'), ('voorschot', 'NN')], ['VP', ('bedoeld', 'VBN')], ['PP', ('in', 'IN')], ['VP', ('kan', 'MD')], ['NP', ('geen', 'PRP'), ('betrekking', 'NN')], ['VP', ('hebben', 'MD')], ['PP', ('op', 'IN')], ['NP', ('bijstand', 'NN')], ['PP', ('ter', 'IN')], ['NP', ('voorziening', 'NN')], ['PP', ('in', 'IN')], ['NP', ('de', 'DT'), ('behoefte', 'NN')], ['PP', ('aan', 'IN')], ['NP', ('bedrijfskapitaal.artikel', 'NNP')], ['PP', ('van', 'IN')], ['NP', ('de', 'DT'), ('wet', 'NN')]]","{'vannen': 'van', 'verlenen': 'verleend', 'bedoelen': 'bedoeld'}"
13,/Hoofdstuk3/Artikel14,Bijstand ter voorziening in de behoefte aan bedrijfskapitaal wordt verleend met inachtneming van het volgende:  $ Onderdeela :  $  de rente van de lening bedraagt 2 procent per jaar gedurende de gehele looptijd van de lening;  $ Onderdeelb :  $  de looptijd van de lening is ten hoogste drie jaar.,1.0:c:BWBR0043402&artikel=14&g=2020-04-22,jci1.3:c:BWBR0043402&hoofdstuk=3&artikel=14&z=2020-04-22&g=2020-04-22,22-04-2020,"[['NP', ('Bijstand', 'NNP')], ['PP', ('ter', 'IN')], ['NP', ('voorziening', 'NN')], ['PP', ('in', 'IN')], ['NP', ('de', 'DT'), ('behoefte', 'NN')], ['PP', ('aan', 'IN')], ['NP', ('bedrijfskapitaal', 'NN')], ['VP', ('wordt', 'MD'), ('verleend', 'VBN')], ['PP', ('met', 'IN')], ['NP', ('inachtneming', 'NN')], ['PP', ('van', 'IN')], ['VP', ('volgende', 'VBG')], ['NP', ('$', 'CD'), ('Onderdeela', 'NNP')], ['NP', ('$', 'CD'), ('de', 'DT'), ('rente', 'NN')], ['PP', ('van', 'IN')], ['NP', ('de', 'DT'), ('lening', 'NN')], ['VP', ('bedraagt', 'VBZ')], ['NP', ('2', 'CD'), ('procent', 'NN')], ['PP', ('per', 'IN')], ['NP', ('jaar', 'NN')], ['PP', ('gedurende', 'IN')], ['NP', ('de', 'DT'), ('gehele', 'JJ'), ('looptijd', 'NN')], ['PP', ('van', 'IN')], ['NP', ('de', 'DT'), ('lening', 'NN')], ['NP', ('$', 'CD'), ('Onderdeelb', 'NNP')], ['NP', ('$', 'CD'), ('de', 'DT'), ('looptijd', 'NN')], ['PP', ('van', 'IN')], ['NP', ('de', 'DT'), ('lening', 'NN')], ['VP', ('is', 'MD')], ['PP', ('ten', 'IN')], ['ADJP', ('hoogste', 'JJS')], ['NP', ('drie', 'CD'), ('jaar', 'NN')]]","{'verlenen': 'verleend', 'volgennen': 'volgende', 'bedragen': 'bedraagt'}"
14,/Hoofdstuk3/Artikel15," $ Lid1 :  $  De bijstand ter voorziening in de behoefte aan bedrijfskapitaal bedraagt ten hoogste  10.157,00. Dit bedrag geldt per bedrijf of zelfstandig beroep.  $ Lid2 :  $  Als de bijstand ter voorziening in de behoefte aan bedrijfskapitaal wordt gevraagd door gehuwden die beide zelfstandige zijn, kan per echtgenoot voor diens bedrijf of zelfstandig beroep een lening worden verleend van ten hoogste  10.157,00.",1.0:c:BWBR0043402&artikel=15&g=2020-04-22,jci1.3:c:BWBR0043402&hoofdstuk=3&artikel=15&z=2020-04-22&g=2020-04-22,22-04-2020,"[['NP', ('$', 'CD'), ('Lid1', 'NNP')], ['NP', ('$', 'CD'), ('De', 'DT'), ('bijstand', 'NN')], ['PP', ('ter', 'IN')], ['NP', ('voorziening', 'NN')], ['PP', ('in', 'IN')], ['NP', ('de', 'DT'), ('behoefte', 'NN')], ['PP', ('aan', 'IN')], ['NP', ('bedrijfskapitaal', 'NN')], ['VP', ('bedraagt', 'VBZ')], ['PP', ('ten', 'IN')], ['ADJP', ('hoogste', 'JJS')], ['NP', ('Dit', 'PRP'), ('bedrag', 'NN')], ['VP', ('geldt', 'VBZ')], ['PP', ('per', 'IN')], ['NP', ('bedrijf', 'NN'), ('of', 'CC'), ('zelfstandig', 'JJ'), ('beroep', 'NN')], ['NP', ('$', 'CD'), ('Lid2', 'NNP')], ['NP', ('$', 'CD'), ('Als', 'CC'), ('de', 'DT'), ('bijstand', 'NN')], ['PP', ('ter', 'IN')], ['NP', ('voorziening', 'NN')], ['PP', ('in', 'IN')], ['NP', ('de', 'DT'), ('behoefte', 'NN')], ['PP', ('aan', 'IN')], ['NP', ('bedrijfskapitaal', 'NN')], ['VP', ('wordt', 'MD'), ('gevraagd', 'VBN')], ['PP', ('door', 'IN')], ['NP', ('gehuwden', 'NNS'), ('die', 'PRP')], ['ADJP', ('zelfstandige', 'JJ')], ['VP', ('zijn', 'MD')], ['VP', ('kan', 'MD')], ['PP', ('per', 'IN')], ['NP', ('echtgenoot', 'NN')], ['PP', ('voor', 'IN')], ['NP', ('diens', 'PRP'), ('bedrijf', 'NN'), ('of', 'CC'), ('zelfstandig', 'JJ'), ('beroep', 'NN')], ['NP', ('een', 'DT'), ('lening', 'NN')], ['VP', ('worden', 'MD'), ('verleend', 'VBN'), ('van', 'RP')], ['PP', ('ten', 'IN')], ['ADJP', ('hoogste', 'JJS')]]","{'bedragen': 'bedraagt', 'gelden': 'geldt', 'vragen': 'gevraagd', 'verlenen': 'verleend'}"
15,/Hoofdstuk3/Artikel16," $ Lid1 :  $  Onverminderd  legt het college in de beschikking waarmee de bijstand ter voorziening in de behoefte aan bedrijfskapitaal wordt toegekend in ieder geval vast:artikel 4:86 van de Algemene wet bestuursrecht  $ Onderdeela :  $  de verplichting tot betaling van rente en aflossing alsmede de betalingstermijnen;  $ Onderdeelb :  $  dat het bedrag van de lening terstond kan worden opgeist:  $ Onderdeelc :  $   $ Onderdeel1 :  $  indien de zelfstandige de betalingsverplichting niet nakomt;  $ Onderdeel2 :  $  op het moment dat de zelfstandige het bedrijf of zelfstandig beroep overdraagt of beindigt;  $ Onderdeel3 :  $  ingeval van surseance van betaling of faillissement van de zelfstandige, van n van de vennoten of leden waarmee het bedrijf of zelfstandig beroep in een samenwerkingsverband wordt uitgeoefend, of van de rechtspersoon.  $ Lid2 :  $  De verplichting tot betaling van rente en aflossing vangt aan op 1januari 2021.  $ Lid3 :  $  Het college kan aan het verlenen van de bijstand ter voorziening in de behoefte aan bedrijfskapitaal verplichtingen verbinden die zijn gericht op het verkrijgen van meerdere zekerheid voor de nakoming van de aan deze bijstand verbonden rente- en aflossingsverplichtingen.",1.0:c:BWBR0043402&artikel=16&g=2020-04-22,jci1.3:c:BWBR0043402&hoofdstuk=3&artikel=16&z=2020-04-22&g=2020-04-22,22-04-2020,"[['NP', ('$', 'CD'), ('Lid1', 'NNP')], ['NP', ('$', 'CD'), ('Onverminderd', 'NNP')], ['VP', ('legt', 'VBZ')], ['NP', ('het', 'DT'), ('college', 'NN')], ['PP', ('in', 'IN')], ['NP', ('de', 'DT'), ('beschikking', 'NN')], ['ADVP', ('waarmee', 'RB')], ['NP', ('de', 'DT'), ('bijstand', 'NN')], ['PP', ('ter', 'IN')], ['NP', ('voorziening', 'NN')], ['PP', ('in', 'IN')], ['NP', ('de', 'DT'), ('behoefte', 'NN')], ['PP', ('aan', 'IN')], ['NP', ('bedrijfskapitaal', 'NN')], ['VP', ('wordt', 'MD'), ('toegekend', 'VBN')], ['PP', ('in', 'IN')], ['NP', ('ieder', 'PRP'), ('geval', 'NN'), ('vast:artikel', 'NN')], ['PP', ('van', 'IN')], ['NP', ('de', 'DT'), ('Algemene', 'NNP'), ('wet', 'NN'), ('bestuursrecht', 'NN')], ['NP', ('$', 'CD'), ('Onderdeela', 'NNP')], ['NP', ('$', 'CD'), ('de', 'DT'), ('verplichting', 'NN')], ['PP', ('tot', 'IN')], ['NP', ('betaling', 'NN')], ['PP', ('van', 'IN')], ['NP', ('rente', 'NN'), ('en', 'CC'), ('aflossing', 'NN')], ['NP', ('de', 'DT'), ('betalingstermijnen', 'NNS')], ['NP', ('$', 'CD'), ('Onderdeelb', 'NNP')], ['NP', ('$', 'CD'), ('dat', 'CC'), ('het', 'DT'), ('bedrag', 'NN')], ['PP', ('van', 'IN')], ['NP', ('de', 'DT'), ('lening', 'NN')], ['VP', ('terstond', 'RB'), ('kan', 'MD'), ('worden', 'MD'), ('opgeist', 'VBN')], ['NP', ('$', 'CD'), ('Onderdeelc', 'NNP')], ['NP', ('$', 'CD'), ('$', 'CD'), ('Onderdeel1', 'NNP')], ['ADJP', ('zelfstandige', 'JJ')], ['NP', ('de', 'DT'), ('betalingsverplichting', 'NN')], ['VP', ('niet', 'RB'), ('nakomt', 'VBZ')], ['NP', ('$', 'CD'), ('Onderdeel2', 'NNP')], ['PP', ('op', 'IN')], ['NP', ('het', 'DT'), ('moment', 'NN')], ['ADJP', ('zelfstandige', 'JJ')], ['NP', ('het', 'DT'), ('bedrijf', 'NN')], ['NP', ('zelfstandig', 'JJ'), ('beroep', 'NN')], ['VP', ('overdraagt', 'VBZ')], ['VP', ('beindigt', 'VBZ')], ['NP', ('$', 'CD'), ('Onderdeel3', 'NNP')], ['NP', ('$', 'CD'), ('ingeval', 'PRP')], ['PP', ('van', 'IN')], ['NP', ('surseance', 'NN')], ['PP', ('van', 'IN')], ['NP', ('betaling', 'NN'), ('of', 'CC'), ('faillissement', 'NN')], ['PP', ('van', 'IN')], ['ADJP', ('zelfstandige', 'JJ')], ['PP', ('van', 'IN')], ['NP', ('n', 'NN')], ['PP', ('van', 'IN')], ['NP', ('de', 'DT'), ('vennoten', 'NNS')], ['NP', ('leden', 'NNS')], ['ADVP', ('waarmee', 'RB')], ['NP', ('het', 'DT'), ('bedrijf', 'NN')], ['NP', ('zelfstandig', 'JJ'), ('beroep', 'NN')], ['PP', ('in', 'IN')], ['NP', ('een', 'DT'), ('samenwerkingsverband', 'NN')], ['VP', ('wordt', 'MD'), ('uitgeoefend', 'VBN')], ['PP', ('van', 'IN')], ['NP', ('de', 'DT'), ('rechtspersoon', 'NN')], ['NP', ('$', 'CD'), ('Lid2', 'NNP')], ['NP', ('$', 'CD'), ('De', 'DT'), ('verplichting', 'NN')], ['PP', ('tot', 'IN')], ['NP', ('betaling', 'NN')], ['PP', ('van', 'IN')], ['NP', ('rente', 'NN'), ('en', 'CC'), ('aflossing', 'NN')], ['VP', ('vangt', 'VBZ'), ('aan', 'RP')], ['PP', ('op', 'IN')], ['NP', ('$', 'CD'), ('Lid3', 'NNP')], ['NP', ('$', 'CD'), ('Het', 'DT'), ('college', 'NN')], ['VP', ('kan', 'MD')], ['PP', ('aan', 'IN')], ['VP', ('verlenen', 'VB')], ['PP', ('van', 'IN')], ['NP', ('de', 'DT'), ('bijstand', 'NN')], ['PP', ('ter', 'IN')], ['NP', ('voorziening', 'NN')], ['PP', ('in', 'IN')], ['NP', ('de', 'DT'), ('behoefte', 'NN')], ['PP', ('aan', 'IN')], ['NP', ('bedrijfskapitaal', 'NN'), ('verplichtingen', 'NNS')], ['VP', ('verbinden', 'VB')], ['NP', ('die', 'PRP'), ('zijn', 'PRP')], ['VP', ('gericht', 'VBN')], ['PP', ('op', 'IN')], ['VP', ('verkrijgen', 'VB')], ['PP', ('van', 'IN')], ['NP', ('meerdere', 'CD'), ('zekerheid', 'NN')], ['PP', ('voor', 'IN')], ['NP', ('de', 'DT'), ('nakoming', 'NN')], ['PP', ('van', 'IN')], ['VP', ('aan', 'VB')], ['NP', ('deze', 'PRP'), ('bijstand', 'NN')], ['VP', ('verbonden', 'VBN')], ['NP', ('rente', 'NN')], ['NP', ('aflossingsverplichtingen', 'NNS')]]","{'leggen': 'legt', 'toekennen': 'toegekend', 'opgeizen': 'opgeist', 'nakomen': 'nakomt', 'overdragen': 'overdraagt', 'beindigen': 'beindigt', 'uitoefenen': 'uitgeoefend', 'vangen': 'vangt', 'verlenen': 'verlenen', 'verbinden': 'verbonden', 'richten': 'gericht', 'verkrijgen': 'verkrijgen', 'anen': 'aan'}"
16,/Hoofdstuk4/Artikel17,Bij ministerile regeling kunnen personen worden aangewezen aan wie mede algemene bijstand of bijstand ter voorziening in de behoefte aan bedrijfskapitaal op grond van dit besluit kan worden verleend. Daarbij kan worden afgeweken van het begrip zelfstandige en kunnen van dit besluit afwijkende regels worden gesteld als dat nodig is voor een goede uitvoering.,1.0:c:BWBR0043402&artikel=17&g=2020-04-22,jci1.3:c:BWBR0043402&hoofdstuk=4&artikel=17&z=2020-04-22&g=2020-04-22,22-04-2020,"[['PP', ('Bij', 'IN')], ['NP', ('ministerile', 'JJ'), ('regeling', 'NN')], ['VP', ('kunnen', 'MD')], ['NP', ('personen', 'NNS')], ['VP', ('worden', 'MD'), ('aangewezen', 'VBN')], ['PP', ('aan', 'IN')], ['NP', ('wie', 'PRP'), ('mede', 'RB'), ('algemene', 'JJ'), ('bijstand', 'NN')], ['NP', ('bijstand', 'NN')], ['PP', ('ter', 'IN')], ['NP', ('voorziening', 'NN')], ['PP', ('in', 'IN')], ['NP', ('de', 'DT'), ('behoefte', 'NN')], ['PP', ('aan', 'IN')], ['NP', ('bedrijfskapitaal', 'NN')], ['PP', ('op', 'IN')], ['NP', ('grond', 'NN')], ['VP', ('van', 'VB')], ['NP', ('dit', 'PRP'), ('besluit', 'NN')], ['VP', ('kan', 'MD'), ('worden', 'MD'), ('verleend', 'VBN')], ['VP', ('Daarbij', 'RB'), ('kan', 'MD'), ('worden', 'MD'), ('afgeweken', 'VBN')], ['PP', ('van', 'IN')], ['NP', ('het', 'DT'), ('begrip', 'NN')], ['ADJP', ('zelfstandige', 'JJ')], ['VP', ('kunnen', 'MD'), ('van', 'VB')], ['NP', ('dit', 'PRP'), ('besluit', 'NN')], ['VP', ('afwijkende', 'VBG')], ['NP', ('regels', 'NNS')], ['VP', ('worden', 'MD'), ('gesteld', 'VBN')], ['NP', ('nodig', 'NN')], ['VP', ('is', 'MD')], ['PP', ('voor', 'IN')], ['NP', ('een', 'DT'), ('goede', 'JJ'), ('uitvoering', 'NN')]]","{'aanwijzen': 'aangewezen', 'vannen': 'van', 'verlenen': 'verleend', 'afwijken': 'afgeweken', 'afwijkennen': 'afwijkende', 'stellen': 'gesteld'}"
17,/Hoofdstuk4/Artikel18," $ Lid1 :  $  Bij ministerile regeling kan het aanvraagtijdvak, bedoeld in , alsmede de duur en periode, bedoeld in , worden verlengd met ten hoogste drie maanden voor zover dat nodig is in verband met de gevolgen van de crisis in verband met COVID-19.artikel 3, tweede lid Bij ministerile regeling kan het aanvraagtijdvak, bedoeld in , alsmede de duur en periode, bedoeld in , worden verlengd met ten hoogste drie maanden voor zover dat nodig is in verband met de gevolgen van de crisis in verband met COVID-19.  $ Lid2 :  $  In de ministerile regeling, bedoeld in het eerste lid, kunnen regels worden gesteld met betrekking tot het recht op bijstand waarbij kan worden afgeweken van dit besluit.",1.0:c:BWBR0043402&artikel=18&g=2020-04-22,jci1.3:c:BWBR0043402&hoofdstuk=4&artikel=18&z=2020-04-22&g=2020-04-22,22-04-2020,"[['NP', ('$', 'CD'), ('Lid1', 'NNP')], ['PP', ('Bij', 'IN')], ['NP', ('ministerile', 'JJ'), ('regeling', 'NN')], ['VP', ('kan', 'MD')], ['NP', ('het', 'DT'), ('aanvraagtijdvak', 'NN')], ['VP', ('bedoeld', 'VBN'), ('in', 'RP')], ['NP', ('de', 'DT'), ('duur', 'NN')], ['NP', ('periode', 'NN')], ['VP', ('bedoeld', 'VBN'), ('in', 'RP')], ['VP', ('worden', 'MD'), ('verlengd', 'VBN'), ('met', 'RP')], ['PP', ('ten', 'IN')], ['ADJP', ('hoogste', 'JJS')], ['NP', ('drie', 'CD'), ('maanden', 'NNS')], ['PP', ('voor', 'IN')], ['ADVP', ('zover', 'RB')], ['NP', ('nodig', 'NN')], ['VP', ('is', 'MD')], ['PP', ('in', 'IN')], ['NP', ('verband', 'NN')], ['PP', ('met', 'IN')], ['NP', ('de', 'DT'), ('gevolgen', 'NNS')], ['PP', ('van', 'IN')], ['NP', ('de', 'DT'), ('crisis', 'NN')], ['PP', ('in', 'IN')], ['NP', ('verband', 'NN')], ['PP', ('met', 'IN')], ['NP', ('tweede', 'CD'), ('lid', 'NN')], ['PP', ('Bij', 'IN')], ['NP', ('ministerile', 'JJ'), ('regeling', 'NN')], ['VP', ('kan', 'MD')], ['NP', ('het', 'DT'), ('aanvraagtijdvak', 'NN')], ['VP', ('bedoeld', 'VBN'), ('in', 'RP')], ['NP', ('de', 'DT'), ('duur', 'NN')], ['NP', ('periode', 'NN')], ['VP', ('bedoeld', 'VBN'), ('in', 'RP')], ['VP', ('worden', 'MD'), ('verlengd', 'VBN'), ('met', 'RP')], ['PP', ('ten', 'IN')], ['ADJP', ('hoogste', 'JJS')], ['NP', ('drie', 'CD'), ('maanden', 'NNS')], ['PP', ('voor', 'IN')], ['ADVP', ('zover', 'RB')], ['NP', ('nodig', 'NN')], ['VP', ('is', 'MD')], ['PP', ('in', 'IN')], ['NP', ('verband', 'NN')], ['PP', ('met', 'IN')], ['NP', ('de', 'DT'), ('gevolgen', 'NNS')], ['PP', ('van', 'IN')], ['NP', ('de', 'DT'), ('crisis', 'NN')], ['PP', ('in', 'IN')], ['NP', ('verband', 'NN')], ['PP', ('met', 'IN')], ['NP', ('$', 'CD'), ('Lid2', 'NNP')], ['PP', ('In', 'IN')], ['NP', ('de', 'DT'), ('ministerile', 'JJ'), ('regeling', 'NN')], ['VP', ('bedoeld', 'VBN')], ['PP', ('in', 'IN')], ['NP', ('het', 'DT'), ('eerste', 'CD'), ('lid', 'NN')], ['VP', ('kunnen', 'MD'), ('regels', 'VB'), ('worden', 'MD'), ('gesteld', 'VBN')], ['PP', ('met', 'IN')], ['NP', ('betrekking', 'NN')], ['PP', ('tot', 'IN')], ['NP', ('het', 'DT'), ('recht', 'NN')], ['PP', ('op', 'IN')], ['NP', ('bijstand', 'NN')], ['VP', ('waarbij', 'RB'), ('kan', 'MD'), ('worden', 'MD'), ('afgeweken', 'VBN'), ('van', 'VB')], ['NP', ('dit', 'PRP'), ('besluit', 'NN')]]","{'bedoelen': 'bedoeld', 'verlengen': 'verlengd', 'regelsen': 'regels', 'stellen': 'gesteld', 'afwijken': 'afgeweken', 'vannen': 'van'}"
18,/Hoofdstuk5/Artikel19," $ Lid1 :  $  Onze Minister vergoedt ten laste van s Rijks kas aan het college:  $ Onderdeela :  $  100% van de kosten van algemene bijstand en bijstand ter voorziening in de behoefte aan bedrijfskapitaal, voor zover de algemene bijstand niet bij wijze van voorschot op grond van  is verleend; enartikel 52 van de wet  $ Onderdeelb :  $  een bij ministerile regeling te bepalen bedrag per besluit op een aanvraag om algemene bijstand en bijstand ter voorziening in de behoefte aan bedrijfskapitaal.  $ Lid2 :  $  Onder kosten als bedoeld in het eerste lid, onderdeel a, wordt verstaan de lasten in een kalenderjaar verminderd met de baten in dat jaar in verband met de door het college verleende algemene bijstand en bijstand ter voorziening in de behoefte aan bedrijfskapitaal.",1.0:c:BWBR0043402&artikel=19&g=2020-04-22,jci1.3:c:BWBR0043402&hoofdstuk=5&artikel=19&z=2020-04-22&g=2020-04-22,22-04-2020,"[['NP', ('$', 'CD'), ('Lid1', 'NNP')], ['NP', ('$', 'CD'), ('Onze', 'PRP$'), ('Minister', 'NNP')], ['VP', ('vergoedt', 'VBZ')], ['PP', ('ten', 'IN')], ['NP', ('laste', 'NN')], ['PP', ('van', 'IN')], ['NP', ('s', 'NNS'), ('Rijks', 'NNP'), ('kas', 'NN')], ['PP', ('aan', 'IN')], ['NP', ('het', 'DT'), ('college', 'NN')], ['NP', ('$', 'CD'), ('Onderdeela', 'NNP')], ['PP', ('van', 'IN')], ['NP', ('de', 'DT'), ('kosten', 'NNS')], ['PP', ('van', 'IN')], ['NP', ('algemene', 'JJ'), ('bijstand', 'NN')], ['NP', ('bijstand', 'NN')], ['PP', ('ter', 'IN')], ['NP', ('voorziening', 'NN')], ['PP', ('in', 'IN')], ['NP', ('de', 'DT'), ('behoefte', 'NN')], ['PP', ('aan', 'IN')], ['NP', ('bedrijfskapitaal', 'NN')], ['PP', ('voor', 'IN')], ['ADVP', ('zover', 'RB')], ['NP', ('de', 'DT'), ('algemene', 'JJ'), ('bijstand', 'NN')], ['ADVP', ('niet', 'RB')], ['PP', ('bij', 'IN')], ['NP', ('wijze', 'NN')], ['PP', ('van', 'IN')], ['NP', ('voorschot', 'NN')], ['PP', ('op', 'IN')], ['NP', ('grond', 'NN')], ['PP', ('van', 'IN')], ['VP', ('is', 'MD'), ('verleend', 'VBN')], ['NP', ('enartikel', 'NN')], ['PP', ('van', 'IN')], ['NP', ('de', 'DT'), ('wet', 'NN')], ['NP', ('$', 'CD'), ('Onderdeelb', 'NNP')], ['PP', ('bij', 'IN')], ['NP', ('ministerile', 'JJ'), ('regeling', 'NN')], ['VP', ('te', 'TO'), ('bepalen', 'VB')], ['NP', ('bedrag', 'NN')], ['PP', ('per', 'IN')], ['NP', ('besluit', 'NN')], ['PP', ('op', 'IN')], ['NP', ('een', 'DT'), ('aanvraag', 'NN')], ['NP', ('algemene', 'JJ'), ('bijstand', 'NN')], ['NP', ('bijstand', 'NN')], ['PP', ('ter', 'IN')], ['NP', ('voorziening', 'NN')], ['PP', ('in', 'IN')], ['NP', ('de', 'DT'), ('behoefte', 'NN')], ['PP', ('aan', 'IN')], ['NP', ('bedrijfskapitaal', 'NN')], ['NP', ('$', 'CD'), ('Lid2', 'NNP')], ['PP', ('Onder', 'IN')], ['NP', ('kosten', 'NNS')], ['VP', ('bedoeld', 'VBN')], ['PP', ('in', 'IN')], ['NP', ('het', 'DT'), ('eerste', 'CD'), ('lid', 'NN')], ['NP', ('onderdeel', 'NN')], ['VP', ('wordt', 'MD'), ('verstaan', 'VBP')], ['NP', ('de', 'DT'), ('lasten', 'NNS')], ['PP', ('in', 'IN')], ['NP', ('een', 'DT'), ('kalenderjaar', 'NN')], ['VP', ('verminderd', 'VBN')], ['PP', ('met', 'IN')], ['NP', ('de', 'DT'), ('baten', 'NNS')], ['NP', ('dat', 'PRP'), ('jaar', 'NN')], ['PP', ('in', 'IN')], ['NP', ('verband', 'NN')], ['PP', ('met', 'IN')], ['PP', ('door', 'IN')], ['NP', ('het', 'DT'), ('college', 'NN')], ['VP', ('verleende', 'VBG')], ['NP', ('algemene', 'JJ'), ('bijstand', 'NN')], ['NP', ('bijstand', 'NN')], ['PP', ('ter', 'IN')], ['NP', ('voorziening', 'NN')], ['PP', ('in', 'IN')], ['NP', ('de', 'DT'), ('behoefte', 'NN')], ['PP', ('aan', 'IN')], ['NP', ('bedrijfskapitaal', 'NN')]]","{'vergoeden': 'vergoedt', 'verlenen': 'verleende', 'bepalen': 'bepalen', 'bedoelen': 'bedoeld', 'verstaan': 'verstaan', 'verminderen': 'verminderd'}"
19,/Hoofdstuk5/Artikel20," $ Lid1 :  $  Onze Minister verleent voorschotten op de vergoeding, bedoeld in .artikel 19 Onze Minister verleent voorschotten op de vergoeding, bedoeld in .  $ Lid2 :  $  De voorschotten worden afgestemd op de landelijk te verwachte kosten, waarbij deze worden verdeeld over gemeenten op basis van het aantal zelfstandigen per gemeente.",1.0:c:BWBR0043402&artikel=20&g=2020-04-22,jci1.3:c:BWBR0043402&hoofdstuk=5&artikel=20&z=2020-04-22&g=2020-04-22,22-04-2020,"[['NP', ('$', 'CD'), ('Lid1', 'NNP')], ['NP', ('$', 'CD'), ('Onze', 'PRP$'), ('Minister', 'NNP')], ['VP', ('verleent', 'VBZ')], ['NP', ('voorschotten', 'NNS')], ['PP', ('op', 'IN')], ['NP', ('de', 'DT'), ('vergoeding', 'NN')], ['VP', ('bedoeld', 'VBN'), ('in', 'RP')], ['NP', ('artikel', 'NN'), ('19', 'CD'), ('Onze', 'PRP$'), ('Minister', 'NNP')], ['VP', ('verleent', 'VBZ')], ['NP', ('voorschotten', 'NNS')], ['PP', ('op', 'IN')], ['NP', ('de', 'DT'), ('vergoeding', 'NN')], ['VP', ('bedoeld', 'VBN'), ('in', 'RP')], ['NP', ('$', 'CD'), ('Lid2', 'NNP')], ['NP', ('$', 'CD'), ('De', 'DT'), ('voorschotten', 'NNS')], ['VP', ('worden', 'MD'), ('afgestemd', 'VBN')], ['PP', ('op', 'IN')], ['ADJP', ('landelijk', 'JJ')], ['VP', ('te', 'TO'), ('verwachte', 'VBN')], ['NP', ('kosten', 'NNS')], ['ADVP', ('waarbij', 'RB')], ['NP', ('deze', 'PRP')], ['VP', ('worden', 'MD'), ('verdeeld', 'VBN')], ['PP', ('over', 'IN')], ['NP', ('gemeenten', 'NNS')], ['PP', ('op', 'IN')], ['NP', ('basis', 'NN')], ['PP', ('van', 'IN')], ['NP', ('het', 'DT'), ('aantal', 'NN'), ('zelfstandigen', 'NNS')], ['PP', ('per', 'IN')], ['NP', ('gemeente', 'NN')]]","{'verlenen': 'verleent', 'bedoelen': 'bedoeld', 'afstemmen': 'afgestemd', 'verwachen': 'verwachte', 'verdelen': 'verdeeld'}"
20,/Hoofdstuk5/Artikel21," $ Lid1 :  $  Onze Minister stelt de vergoeding, bedoeld in , vast binnen een jaar na ontvangst door Onze Minister van Binnenlandse Zaken en Koninkrijksrelaties van de verantwoordingsinformatie, bedoeld in .artikel 19 Onze Minister stelt de vergoeding, bedoeld in , vast binnen een jaar na ontvangst door Onze Minister van Binnenlandse Zaken en Koninkrijksrelaties van de verantwoordingsinformatie, bedoeld in .artikel 17a, eerste lid, van de Financile-verhoudingswet  $ Lid2 :  $  De kosten van algemene bijstand en bijstand ter voorziening in de behoefte aan bedrijfskapitaal worden bij de vaststelling buiten aanmerking gelaten indien deze kosten blijkens het verslag van bevindingen, bedoeld in , dat deel uit maakt van de informatie, bedoeld in , als fout of onzeker worden aangemerkt.artikel 213, vierde lid, van de Gemeentewet  $ Lid3 :  $  Indien de toepassing van het tweede lid naar het oordeel van Onze Minister leidt tot een onbillijkheid van overwegende aard kan hij de kosten die als fout of onzeker worden aangemerkt, in afwijking van het tweede lid, geheel of gedeeltelijk in aanmerking nemen bij de vaststelling.  $ Lid4 :  $  Indien de verantwoordingsinformatie, bedoeld in het eerste lid, niet binnen achttien maanden na het kalenderjaar waarop het betrekking heeft is ontvangen door Onze Minister van Binnenlandse Zaken en Koninkrijksrelaties wordt de vergoeding, bedoeld in , ambtshalve door Onze Minister vastgesteld.artikel 19 Indien de verantwoordingsinformatie, bedoeld in het eerste lid, niet binnen achttien maanden na het kalenderjaar waarop het betrekking heeft is ontvangen door Onze Minister van Binnenlandse Zaken en Koninkrijksrelaties wordt de vergoeding, bedoeld in , ambtshalve door Onze Minister vastgesteld.",1.0:c:BWBR0043402&artikel=21&g=2020-04-22,jci1.3:c:BWBR0043402&hoofdstuk=5&artikel=21&z=2020-04-22&g=2020-04-22,22-04-2020,"[['NP', ('$', 'CD'), ('Lid1', 'NNP')], ['NP', ('$', 'CD'), ('Onze', 'PRP$'), ('Minister', 'NNP')], ['VP', ('stelt', 'VBP')], ['NP', ('de', 'DT'), ('vergoeding', 'NN')], ['VP', ('bedoeld', 'VBN'), ('in', 'RP')], ['ADJP', ('vast', 'JJ')], ['ADVP', ('binnen', 'RB')], ['NP', ('een', 'DT'), ('jaar', 'NN')], ['PP', ('na', 'IN')], ['NP', ('ontvangst', 'NN')], ['PP', ('door', 'IN')], ['NP', ('Onze', 'PRP$'), ('Minister', 'NNP')], ['PP', ('van', 'IN')], ['NP', ('Binnenlandse', 'NNP'), ('Zaken', 'NNPS'), ('en', 'CC'), ('Koninkrijksrelaties', 'NNP')], ['PP', ('van', 'IN')], ['NP', ('de', 'DT'), ('verantwoordingsinformatie', 'NN')], ['VP', ('bedoeld', 'VBN'), ('in', 'RP')], ['NP', ('artikel', 'NN'), ('19', 'CD'), ('Onze', 'PRP$'), ('Minister', 'NNP')], ['VP', ('stelt', 'VBP')], ['NP', ('de', 'DT'), ('vergoeding', 'NN')], ['VP', ('bedoeld', 'VBN'), ('in', 'RP')], ['ADJP', ('vast', 'JJ')], ['ADVP', ('binnen', 'RB')], ['NP', ('een', 'DT'), ('jaar', 'NN')], ['PP', ('na', 'IN')], ['NP', ('ontvangst', 'NN')], ['PP', ('door', 'IN')], ['NP', ('Onze', 'PRP$'), ('Minister', 'NNP')], ['PP', ('van', 'IN')], ['NP', ('Binnenlandse', 'NNP'), ('Zaken', 'NNPS'), ('en', 'CC'), ('Koninkrijksrelaties', 'NNP')], ['PP', ('van', 'IN')], ['NP', ('de', 'DT'), ('verantwoordingsinformatie', 'NN')], ['VP', ('bedoeld', 'VBN'), ('in', 'RP')], ['NP', ('artikel', 'NN')], ['NP', ('eerste', 'CD'), ('lid', 'NN')], ['PP', ('van', 'IN')], ['NP', ('de', 'DT'), ('Financile-verhoudingswet', 'NN')], ['NP', ('$', 'CD'), ('Lid2', 'NNP')], ['NP', ('$', 'CD'), ('De', 'DT'), ('kosten', 'NNS')], ['PP', ('van', 'IN')], ['NP', ('algemene', 'JJ'), ('bijstand', 'NN')], ['NP', ('bijstand', 'NN')], ['PP', ('ter', 'IN')], ['NP', ('voorziening', 'NN')], ['PP', ('in', 'IN')], ['NP', ('de', 'DT'), ('behoefte', 'NN')], ['PP', ('aan', 'IN')], ['NP', ('bedrijfskapitaal', 'NN')], ['VP', ('worden', 'MD')], ['PP', ('bij', 'IN')], ['NP', ('de', 'DT'), ('vaststelling', 'NN')], ['ADVP', ('buiten', 'RB')], ['NP', ('aanmerking', 'NN')], ['VP', ('gelaten', 'VBN')], ['NP', ('deze', 'PRP'), ('kosten', 'NNS'), ('blijkens', 'NNS')], ['NP', ('het', 'DT'), ('verslag', 'NN')], ['PP', ('van', 'IN')], ['NP', ('bevindingen', 'NNS')], ['VP', ('bedoeld', 'VBN'), ('in', 'RP')], ['NP', ('dat', 'PRP'), ('deel', 'NN')], ['PP', ('uit', 'IN')], ['VP', ('maakt', 'VBZ')], ['PP', ('van', 'IN')], ['NP', ('de', 'DT'), ('informatie', 'NN')], ['VP', ('bedoeld', 'VBN'), ('in', 'RP')], ['NP', ('als', 'PRP'), ('fout', 'NN'), ('of', 'CC'), ('onzeker', 'NN')], ['VP', ('worden', 'MD'), ('aangemerkt.artikel', 'VBN')], ['NP', ('vierde', 'CD'), ('lid', 'NN')], ['PP', ('van', 'IN')], ['NP', ('de', 'DT'), ('Gemeentewet', 'NNP')], ['NP', ('$', 'CD'), ('Lid3', 'NNP')], ['NP', ('$', 'CD'), ('Indien', 'CC'), ('de', 'DT'), ('toepassing', 'NN')], ['PP', ('van', 'IN')], ['NP', ('het', 'DT'), ('tweede', 'CD'), ('lid', 'NN')], ['PP', ('naar', 'IN')], ['NP', ('het', 'DT'), ('oordeel', 'NN')], ['PP', ('van', 'IN')], ['NP', ('Onze', 'PRP$'), ('Minister', 'NNP')], ['VP', ('leidt', 'VBZ')], ['PP', ('tot', 'IN')], ['NP', ('een', 'DT'), ('onbillijkheid', 'NN')], ['PP', ('van', 'IN')], ['VP', ('overwegende', 'VBG')], ['NP', ('aard', 'NN')], ['VP', ('kan', 'MD')], ['NP', ('hij', 'PRP'), ('de', 'DT'), ('kosten', 'NNS'), ('die', 'PRP'), ('als', 'PRP'), ('fout', 'NN')], ['NP', ('onzeker', 'NN')], ['VP', ('worden', 'MD'), ('aangemerkt', 'VBN')], ['PP', ('in', 'IN')], ['NP', ('afwijking', 'NN')], ['PP', ('van', 'IN')], ['NP', ('het', 'DT'), ('tweede', 'CD'), ('lid', 'NN')], ['ADJP', ('geheel', 'JJ'), ('of', 'CC'), ('gedeeltelijk', 'JJ')], ['PP', ('in', 'IN')], ['NP', ('aanmerking', 'NN')], ['VP', ('nemen', 'VB')], ['PP', ('bij', 'IN')], ['NP', ('de', 'DT'), ('vaststelling', 'NN')], ['NP', ('$', 'CD'), ('Lid4', 'NNP')], ['NP', ('$', 'CD'), ('Indien', 'CC'), ('de', 'DT'), ('verantwoordingsinformatie', 'NN')], ['VP', ('bedoeld', 'VBN')], ['PP', ('in', 'IN')], ['NP', ('het', 'DT'), ('eerste', 'CD'), ('lid', 'NN')], ['VP', ('binnen', 'RB'), ('achttien', 'VBP')], ['NP', ('maanden', 'NNS')], ['PP', ('na', 'IN')], ['NP', ('het', 'DT'), ('kalenderjaar', 'NN')], ['ADVP', ('waarop', 'RB')], ['NP', ('het', 'DT'), ('betrekking', 'NN')], ['VP', ('heeft', 'MD'), ('is', 'MD'), ('ontvangen', 'VBN')], ['PP', ('door', 'IN')], ['NP', ('Onze', 'PRP$'), ('Minister', 'NNP')], ['PP', ('van', 'IN')], ['NP', ('Binnenlandse', 'NNP'), ('Zaken', 'NNPS'), ('en', 'CC'), ('Koninkrijksrelaties', 'NNP')], ['VP', ('wordt', 'MD')], ['NP', ('de', 'DT'), ('vergoeding', 'NN')], ['VP', ('bedoeld', 'VBN'), ('in', 'RP')], ['NP', ('ambtshalve', 'NN')], ['PP', ('door', 'IN')], ['NP', ('Onze', 'PRP'), ('Minister', 'NNP'), ('vastgesteld.artikel', 'NNP'), ('19', 'CD'), ('Indien', 'CC'), ('de', 'DT'), ('verantwoordingsinformatie', 'NN')], ['VP', ('bedoeld', 'VBN')], ['PP', ('in', 'IN')], ['NP', ('het', 'DT'), ('eerste', 'CD'), ('lid', 'NN')], ['VP', ('binnen', 'RB'), ('achttien', 'VBP')], ['NP', ('maanden', 'NNS')], ['PP', ('na', 'IN')], ['NP', ('het', 'DT'), ('kalenderjaar', 'NN')], ['ADVP', ('waarop', 'RB')], ['NP', ('het', 'DT'), ('betrekking', 'NN')], ['VP', ('heeft', 'MD'), ('is', 'MD'), ('ontvangen', 'VBN')], ['PP', ('door', 'IN')], ['NP', ('Onze', 'PRP$'), ('Minister', 'NNP')], ['PP', ('van', 'IN')], ['NP', ('Binnenlandse', 'NNP'), ('Zaken', 'NNPS'), ('en', 'CC'), ('Koninkrijksrelaties', 'NNP')], ['VP', ('wordt', 'MD')], ['NP', ('de', 'DT'), ('vergoeding', 'NN')], ['VP', ('bedoeld', 'VBN'), ('in', 'RP')], ['NP', ('ambtshalve', 'NN')], ['PP', ('door', 'IN')], ['NP', ('Onze', 'PRP'), ('Minister', 'NNP')], ['VP', ('vastgesteld', 'VBN')]]","{'stellen': 'stelt', 'bedoelen': 'bedoeld', 'laten': 'gelaten', 'maken': 'maakt', 'aangemerkt.artikelen': 'aangemerkt.artikel', 'leiden': 'leidt', 'overwegennen': 'overwegende', 'aanmerken': 'aangemerkt', 'nemen': 'nemen', 'achttien': 'achttien', 'ontvangen': 'ontvangen', 'vaststellen': 'vastgesteld'}"
21,/Hoofdstuk6/Artikel22, $ Lid1 :  $  Dit besluit treedt in werking met ingang van de dag na de datum van uitgifte van het Staatsblad waarin het wordt geplaatst en werkt terug tot en met 1maart 2020.  $ Lid2 :  $  Dit besluit vervalt op 1juli 2025 met dien verstande dat het besluit zoals dat luidde op 30juni 2025 van toepassing blijft op de zelfstandige die op grond van dit besluit bijstand ontvangt of heeft ontvangen en op de financile afwikkeling van het besluit.,1.0:c:BWBR0043402&artikel=22&g=2020-04-22,jci1.3:c:BWBR0043402&hoofdstuk=6&artikel=22&z=2020-04-22&g=2020-04-22,22-04-2020,"[['NP', ('$', 'CD'), ('Lid1', 'NNP')], ['NP', ('$', 'CD'), ('Dit', 'PRP'), ('besluit', 'NN')], ['VP', ('treedt', 'VBZ')], ['PP', ('in', 'IN')], ['NP', ('werking', 'NN')], ['PP', ('met', 'IN')], ['NP', ('ingang', 'NN')], ['PP', ('van', 'IN')], ['NP', ('de', 'DT'), ('dag', 'NN')], ['PP', ('na', 'IN')], ['NP', ('de', 'DT'), ('datum', 'NN')], ['PP', ('van', 'IN')], ['VP', ('uitgifte', 'VBN')], ['PP', ('van', 'IN')], ['NP', ('het', 'DT'), ('Staatsblad', 'NNP')], ['ADVP', ('waarin', 'RB')], ['NP', ('het', 'PRP')], ['VP', ('wordt', 'MD'), ('geplaatst', 'VBN')], ['VP', ('werkt', 'VBZ')], ['ADVP', ('terug', 'RB')], ['PP', ('tot', 'IN')], ['PP', ('met', 'IN')], ['NP', ('$', 'CD'), ('Lid2', 'NNP')], ['NP', ('$', 'CD'), ('Dit', 'PRP'), ('besluit', 'NN')], ['VP', ('vervalt', 'VBZ')], ['PP', ('op', 'IN')], ['PP', ('met', 'IN')], ['NP', ('dien', 'NN')], ['VP', ('verstande', 'VBG')], ['NP', ('het', 'DT'), ('besluit', 'NN')], ['VP', ('luidde', 'VBD')], ['PP', ('op', 'IN')], ['PP', ('van', 'IN')], ['NP', ('toepassing', 'NN')], ['VP', ('blijft', 'MD')], ['PP', ('op', 'IN')], ['NP', ('de', 'DT'), ('zelfstandige', 'JJ'), ('die', 'PRP')], ['PP', ('op', 'IN')], ['NP', ('grond', 'NN')], ['VP', ('van', 'VB')], ['NP', ('dit', 'PRP'), ('besluit', 'NN'), ('bijstand', 'NN')], ['VP', ('ontvangt', 'VBZ')], ['VP', ('heeft', 'MD'), ('ontvangen', 'VBN')], ['PP', ('op', 'IN')], ['NP', ('de', 'DT'), ('financile', 'JJ'), ('afwikkeling', 'NN')], ['PP', ('van', 'IN')], ['NP', ('het', 'DT'), ('besluit', 'NN')]]","{'treden': 'treedt', 'uitgiffen': 'uitgifte', 'plaatsen': 'geplaatst', 'werken': 'werkt', 'vervallen': 'vervalt', 'verstannen': 'verstande', 'luiden': 'luidde', 'vannen': 'van', 'ontvangen': 'ontvangen'}"
22,/Hoofdstuk6/Artikel23,Dit besluit wordt aangehaald als: Tijdelijke overbruggingsregeling zelfstandig ondernemers.,1.0:c:BWBR0043402&artikel=23&g=2020-04-22,jci1.3:c:BWBR0043402&hoofdstuk=6&artikel=23&z=2020-04-22&g=2020-04-22,22-04-2020,"[['NP', ('Dit', 'PRP'), ('besluit', 'NN')], ['VP', ('wordt', 'MD'), ('aangehaald', 'VBN')], ['NP', ('Tijdelijke', 'NNP'), ('overbruggingsregeling', 'NN'), ('zelfstandig', 'JJ'), ('ondernemers', 'NNS')]]",{'aanhalen': 'aangehaald'}
